,brand,category,name,ingredients,details,image_url,id
0,Lancôme,Foundation,Teint Idole Ultra Long Wear Foundation," -Eternalsoft Polymer: Increases comfort level with long-lasting wear.
-NAI Pigments: Specially-coated pigments maintain consistent pH level with skin- so color stays true all day.
-Perlite and Silica: Absorb oil effectively.

Water- Cyclopentasiloxane- Polypropysilsequioxane- Isododecane- Dimethicone- C30-45 Alkyldimethylsilyl- Polypropylsilsequioxane Silica- Glycerin- Peg-10 Dimethicone- Dimethicone/Polyglycerinej-3 Crosspolymer- Sodium Chloride- Nylon-12- Paraffin- Cyclomethione- Aluminum Hydroxide- Disodium Edta- Disodium Stearoyl Glutamate- Dipropylene Glycol- Disteardimonium Hectorite- Acrylates Copolymer- Phenoxyethanol Chlorphenesin- Ethylparaben- [+/- May Contain CI 77007 / Ultramarines- CI 77491- CI 77492- CI 77499 / Iron Oxides- CI 77891 / Titanium Dioxide].",What it is: An oil-free- long-wearing- liquid foundation that delivers buildable coverage and leaves a natural-looking- velvety-matte finish for up to 24 hours.Skin Type: Normal- Dry- Combination- and OilyCoverage: Full   Finish: Matte    Formulation: Liquid  Ingredient Callouts: Free of fragrance.  What Else You Need to Know: Teint Idole Ultra Long Wear—now available in 50 shades—is guaranteed to have your shade. In a study with 400 women- 98 percent of participants were able to find their perfect shade match.,https://www.sephora.com/productimages/sku/s2667970-main-zoom.jpg?imwidth=930,0971880107
1,Lancôme,Mascara,CILS BOOSTER XL Super-Enhancing Mascara Base,Water- Oryza Sativa Cera/Rice Bran Wax- Cera Carnauba/Carnauba Wax/Cire De Carnauba- Cera Alba/Beeswax/Cire D'abeille- Stearic Acid- Candelilla Cera/Candelilla Wax/Cire De Candelilla- Triethanolamine- Palmitic Acid- Acacia Senegal/Acacia Senegal Gum- Panthenol- Sodium- Polymethacrylate- Hydroxyethylcellulose- Propylparaben- Peg/Ppg-17/18 Dimethicone- Methylparaben- Simethicone- Rayon- Polyquaternium-10- Tocopheryl Acetate- Polycaprolactone.,"What it is: 
A lash-conditioning mascara primer to maximize mascara results—creating even longer-looking and more volumized lashes.
Highlighted Ingredients: - Vitamin E and Micro-Fibers: Condition lashes.What Else You Need to Know: With just one sweep- this iconic mascara primer evenly coats lashes to maximize the results of your favorite mascara. The conditioning formula- infused with micro-fibers and vitamin E- adds a look of extra length and thickness to lashes. At night- this can also be used as a lash mask to nurture lashes.Clinical Results: In a consumer test with a panel of 103 women using CILS BOOSTER and their regular mascara:- 93% saw more length- 92% saw more volume- 85% saw more curl
",https://www.sephora.com/productimages/sku/s2109965-main-zoom.jpg?imwidth=930,0316666343
2,Lancôme,Mascara,Monsieur Big Mascara,"Water- Paraffin- Potassium Cetyl Phosphate- Copernicia Cerifera Cera / Carnauba Wax- Ethylene/Acrylic Acid Copolymer- Styrene/Acrylates/Ammonium Methacrylate Copolymer- Cera Alba / Beeswax- Synthetic Beeswax- Bis-Diglyceryl Polyacyladipate-2- Polybutene- Cetyl Alcohol- Steareth-20- Glyceryl Dibehenate- Steareth-2-C12-13 Pareth-23- C12-13 Pareth-3- Tribehenin- Acacia Senegal Gum- Glyceryl Behenate- Sodium Laureth Sulfate- Silica- Divinyldimethicone/Dimethicone Copolymer- Disodium Edta- Hydrogenated Jojoba Oil- Hydrogenated Palm Oil- Hydroxyethylcellulose- Caprylyl Glycol- Tetrasodium Edta- Ethylenediamine/Stearyl Dimer Dilinoleate Copolymer- Butylene Glycol- Bht- Pentaerythrityl Tetra-Di-T-Butyl Hydroxyhydrocinnamate- Potassium Sorbate- Sodium Dehydroacetate- Phenoxyethanol- [+/- May Contain- Ci 75470 / Carmine- Ci 77007 / Ultramarines-Ci 77491- Ci 77492- Ci 77499 / Iron Oxides]. 
",What it is: A long-lasting- voluminous mascara with a black-boosting polymer in its pigment for 12 times more volume and up to 24 hours of wear.What Else You Need to Know: This creamy- lengthening mascara with a gel-like texture does not require touch-ups. This voluminous mascara glides smoothly onto lashes for an even- buildable- and clump-free application.  Eyelashes appear extra intense due to black-boosting polymers and an intense grade of rich black pigments. Clinical Results: - 95% felt that it glides easily onto lashes- 95% found that it’s comfortable to wear all day long- 92% found the color of the mascara very dark/intense,https://www.sephora.com/productimages/sku/s1956176-main-zoom.jpg?imwidth=930,0385504209
3,Lancôme,Mascara,DÉFINICILS - High Definition Mascara,Water- Paraffin- Stearic Acid- Triethanolamine- Cera Alba/Beeswax/Cire Dabeille- Acacia Senegal/Acacia Senegal Gum- Palmitic Acid- Cera- Carnauba/Carnauba Wax/Cire De Carnauba- Hydroxyethylcellulose- Panthenol- Imidazolidinyl Urea- Sodium Polymethacrylate- Methylparaben- Propylparaben- Simethicone- Bht- Silica- Polyquaternium-10- [+/- May Contain: Ci 77499- Ci 77492- Ci 77491 / Iron Oxides- Ci 77007 /Ultramarines- Mica- Ci 77891/Titanium Dioxide- Ci 75470/Carmine- Ci 77510/Ferric Ferrocyanide].,"What it is: An iconic mascara that creates clean and defined- natural-looking lashes.What Else You Need to Know: This mascara helps define eyelashes using polymers formulated to lengthen. The fine comb-like brush has a ""hedgehog"" bristles pattern that enables it to dispense the perfect amount of product lash by lash for gradual and even application. ",https://www.sephora.com/productimages/sku/s137471-main-zoom.jpg?imwidth=930,0060928336
4,Lancôme,Makeup Removers,Bi-Facil Double-Action Eye Makeup Remover,Aqua/Water- Cyclopentasiloxane- Isohexadecane- Sodium Chloride- Poloxamer 184- Hexylene Glycol- Dipotassium Phosphate- Benzyl Alcohol- Potassium Phosphate- Quaternium-15- Benzalkonium Chloride- Parfum / Fragrance- Citronellol- Geraniol. ,What it is:  An award-winning eye makeup remover that is gentle enough for sensitive skin and contact-lens-wearers.Skin Type: Normal- Dry- Combination- and Oily Formulation: Liquid What Else You Need to Know:  Shake this bi-phase makeup remover before use to activate it. The lipid phase lifts eye makeup off- while the water phase uses unique emollients to effortlessly remove eye makeup residue. It leaves skin feeling perfectly cleansed. It is as fresh as water with a no-rinse formula.,https://www.sephora.com/productimages/sku/s534628-main-zoom.jpg?imwidth=930,0312195516
5,Lancôme,Lipstick,L'Absolu Lacquer,Octyldodecanol- Water-Trimethylsiloxyphenyl Dimethicone- Ethylcellulose- Sorbitan Stearate- Glycerin- Alcohol- Tin Oxide- Calcium Aluminum Borosilicate- Calcium Sodium Borosilicate- Sodium Lauryl Sulfate- Silica- Alumina- Aluminum Hydroxide- Magnesium Silicate- Sucrose Cocoate- Hydroxypropyl Guar- Synthetic Fluorphlogopite- Cetyl Alcohol- Phenoxyethanol- Geraniol- Hydroxycitronellal- Hexyl Cinnamal- Benzyl Alcohol- Fragrance. May Contain (+/-): Red 7 (Ci 15850)- Yellow 6 (Ci 15985)- Red 33 (Ci 17200)- Yellow 5 (Ci 19140)- Blue 1 (Ci 42090)- Red 28 (Ci 45410)- Carmine (Ci 75470)- Barium Sulfate (Ci 77120)- Iron Oxides (Ci 77491- Ci 77492- Ci 77499)- Titanium Dioxide (Ci 77891)- Mica.,What it is: A lip lacquer and long-wear stain that's buildable for high-impact color and shine.What it does: This brilliant lip lacquer combines the comfort and shine of a gloss- the pigment of a lipstick- and the lasting power of a stain. The high-shine finish and vivid color payoff are buildable from sheer to full coverage in as little as three coats. Lancôme’s innovative oil-in-water emulsion is lightweight and non-sticky- providing up to six hours of wear. Enriched with glycerin- this formula keeps lips feeling hydrated throughout the day.Beauty Tip: Play with your lip look by applying one- two- or three coats to build up the color and shine intensity of L'Absolu Lacquer. For a more defined look- use Le Lipstique lip liner (sold separately) to outline lips. L'Absolu Lacquer can also be layered over L'Absolu Rouge lipstick (sold separately) for a bold- deeply-pigmented look.,https://www.sephora.com/productimages/sku/s2067486-main-zoom.jpg?imwidth=930,044023722X
6,Lancôme,Foundation,DUAL FINISH – Multi-tasking Longwear Powder Foundation,Talc- Mineral Oil- Squalane- Zinc Laurate- Stearic Acid- Linalool- Geraniol- Glyceryl Stearate- Triethanolamine- Isoeugenol- Cholesterol- Coumarin- Aluminum Myristates/Palmitates- Cinnamyl Alcohol- Farnesol- Limonene- Lanolin- Hydroxycitronellal- Petrolatum- Citronellol- Benzyl Benzoate- Benzyl Salicylate- Fragrance- Alpha-Isomethyl Ionone- Hydroxyisohexyl 3-Cyclohexene Carboxaldehyde- Hexyl Cinnamal- Butylparaben- May Contain: Mica- Titanium Dioxide- Iron Oxides.,What it is: A sheer to full-coverage- versatile- mattifying- and long-lasting powder and foundation in one.  Coverage: Full Finish: Matte Formulation: PowderSkin Type: Normal- Dry- Combination- and Oily What Else You Need to Know: This versatile face powder is buildable- long-lasting- and can be used wet or dry. It delivers sheer to full coverage and is perfect for on-the-go touch-ups- covering the look of flaws and imperfections- contouring- and/or as a setting powder. It does not cake or dry out skin and it is suitable for all skin types.,https://www.sephora.com/productimages/sku/s135558-main-zoom.jpg?imwidth=930,0679781587
7,Lancôme,Mascara,HYPNÔSE DRAMA Instant Full Body Volume Mascara,Isododecane- Cera Alba/Beeswax- Copernicia Cerifera Cera/Carnauba Wax- Disteardimonium Hectorite- Water- Allyl Stearate/Va Copolymer- Oryza Sativa Cera/Rice Bran Wax- Paraffin- Alcohol Denat.- Polyvinyl Laurate Vp/Eicosene Copolymer- Propylene Carbonate- Talc- Synthetic Beeswax- PEG-30 Glyceryl Stearate- Candelilla Cera/Candelilla Wax- Panthenol- Ethylenediamine/Stearyl Dimer Dilinoleate Copolymer- Methylparaben- Propylparaben- [+/- (May Contain): CI 77499 (Iron Oxides)].,What it is: An intense black mascara with a unique S-shaped brush for instant volume in a single stroke.What Else You Need to Know: This volumizing mascara creates lash drama in a single coat—without clumping or flaking.  The full-contact brush has an S-shaped curve to grasp and evenly coat lashes from root to tip for bold- buildable volume.,https://www.sephora.com/productimages/sku/s1197458-main-zoom.jpg?imwidth=930,0142001740
10,Lancôme,Mascara,Monsieur Big Waterproof Mascara,Water- Paraffin- Potassium Cetyl Phosphate- Carnauba Wax- Ethylene/Acrylic Acid Copolymer- Styrene/Acrylates/Ammonium Methacrylate Copolymer- Beeswax- Synthetic Beeswax- Bis-Diglyceryl Polyacyladipate-2- Polybutene- Cetyl Alcohol- Steareth-20- Glyceryl Dibehenate- Steareth-2- C12-13 Pareth-23- C12-13 Pareth-3- Tribehenin- Acacia Senegal Gum- Glyceryl Behenate- Sodium Laureth Sulfate- Silica- Divinyldimethicone/Dimethicone Copolymer- Disodium EDTA- Hydrogenated Jojoba Oil- Hydrogenated Palm Oil- Hydroxyethylcellulose- Caprylyl Glycol- Tetrasodium EDTA- Ethylenediamine/Stearyl Dimer Dilinoleate Copolymer- Butylene Glycol- BHT- Pentaerythrityl Tetra-Di-T-Butyl Hydroxyhydrocinnamate- Potassium Sorbate- Sodium Dehydroacetate- Phenoxyethanol. May Contain (+/-): Carmine (Ci 75470)- Ultramarines (Ci 77007)- Iron Oxides (Ci 77491- Ci 77492- Ci 77499).,What it is:A waterproof- high-volume mascara that delivers bold lash volume for up to 24 hours.What it does: Everything you love about Monsieur Big—now in a waterproof formula. The Monsieur Big Mascara features a large brush and a sweat-proof- smudge proof formula that glides onto lashes like silk and delivers exceptional volume for up to 24 hours of wear. This waterproof mascara doesn’t require touch-ups and doesn’t flake.What it is formulated WITHOUT:- Parabens- Sulfates- PhthalatesWhat else you need to know: Monsieur Big’s brush has a unique shape with soft- wavy fibers to deliver the perfect amount of formula from the very first stroke. This ultra-creamy formula contains supple waxes and polymers to adhere immediately to lashes for big- buildable volume and length.Beauty Tip:To take this mascara to the next level- prep your lashes with Cils Booster XL Lash Primer (sold separately). Then remove all traces of your mascara with the Bi-Facil Double-Action Eye Remover (sold separately).,https://www.sephora.com/productimages/sku/s2059491-main-zoom.jpg?imwidth=930,0446672211
11,Lancôme,Makeup,CILS BOOSTER XL Super-Enhancing Mascara Base Mini,Water- Oryza Sativa Cera/Rice Bran Wax- Cera Carnauba/Carnauba Wax- Cera Alba/Beeswax- Stearic Acid- Candelilla Cera/Candelilla Wax- Triethanolamine- Palmitic Acid- Acacia Senegal/Acacia Senegal Gum- Panthenol- Sodium- Polymethacrylate- Hydroxyethylcellulose- Propylparaben- PEG/PPG-17/18 Dimethicone- Methylparaben- Simethicone- Rayon- Polyquaternium-10- Tocopheryl Acetate- Polycaprolactone.,What it is:A lash-conditioning mascara primer that conditions and primes lashes to maximize results—creating even longer and more volumized lashes.What it does:Give your lashes an XL boost. With just one sweep- this innovative mascara primer glides on to evenly coat and smooth your lashes- maximizing the results of your favorite mascara. The magic behind this mascara base is the conditioning formula—infused with micro-fibers and vitamin E—which adds the look of extra length and thickness to lashes for added visible performance. White in color- it allows the black pigments to stand out from the clean base with more intensity than with traditional mascaras.What else you need to know: CILS BOOSTER XL lengthens and thickens the look of lashes to maximize the results of any mascara. Use CILS BOOSTER XL as a “lash mask” at night on clean lashes to nourish and rejuvenate.Beauty Tip:Apply the luxurious Rénergie Lift Multi-Action Eye Cream (sold separately) before using CILS BOOSTER XL for a youthful- radiant- wide-eyed look.,https://www.sephora.com/productimages/sku/s1866359-main-zoom.jpg?imwidth=930,059035342X
12,Lancôme,Eyeliner,ARTLINER - Precision Point EyeLiner,Water- Propylene Glycol- Acrylates Copolymer- Polyester-5- Alcohol Denat.- Trilaureth-4 Phosphate- Tin Oxide- Calcium Sodium Borosilicate Silica- Xanthan Gum- Synthetic Fluorphlogopite- Imidazolidinyl Urea- Methylparaben- Sodium Dehydroacetate- Propylparaben- [+/- (May Contain): CI 42090 (Blue 1 Lake)- CI 75470 (Carmine)- CI 77007 (Ultramarines)- CI 77163 (Bismuth Oxychloride)- CI 77288 (Chromium Oxide Greens)- CI 77400 (Bronze Powder)- CI 77491- CI 77492- CI 77499 (Iron Oxides)- CI 77510 (Ferric Ferrocyanide)- CI 77891 (Titanium Dioxide)- Mica].,What it is: A smudge-proof and richly pigmented eyeliner that has a clean and precise application in satin and metallic finishes.What Else You Need to Know: With a unique- double film-forming set of polymers- Artliner creates long-lasting lines with intense color payoff. The felt-tipped pen allows for ultimate precision and is ideal for wings- cat eyes- or a cut-crease makeup look.  ,https://www.sephora.com/productimages/sku/s136952-main-zoom.jpg?imwidth=930,0316601950
13,Lancôme,Face Primer,LA BASE PRO Perfecting Makeup Primer,Cyclopentasiloxane- Dimethicone Crosspolymer.,What it is: An oil-free face primer that creates a smooth makeup base- absorbs quickly- and leaves skin feeling smooth and soft.What Else You Need to Know: Using Lancôme’s Elasto-Smooth technology- this face primer refines skin’s texture and diffuses light.  It reduces the look of imperfections and creates a smooth base. With its oil-free formulation- this product allows makeup to last all day. It’s also suitable for all skin types.,https://www.sephora.com/productimages/sku/s1103779-main-zoom.jpg?imwidth=930,0375727345
14,Lancôme,Eyeliner,LE STYLO WATERPROOF - Long Lasting Eyeliner,Cyclopentasiloxane- Paraffin- PEG-6 Beeswax- Diisostearyl Dimer Dilinoleate- Hydrogenated Castor Oil- Ozokerite- Calcium Stearate- Ceresin- Alumina- Tocopherol- Ascorbyl Palmitate- Methylparaben- Propylparaben- [+/- (May Contain): CI 42090 (Blue 1 Lake)- CI 75470 (Carmine)- CI 77007 (Ultramarines)- CI 77163 (Bismuth Oxychloride)- CI 77288 (Chromium Oxide Greens)- CI 77289 (Chromium Hydroxide Green)- CI 77491- CI 77492- CI 77499 (Iron Oxides)- CI 77510 (Ferric Ferrocyanide)- CI 77742 (Manganese Violet)- CI 77891 (Titanium Dioxide)- Mica].,"What it is:
 A long-wearing- waterproof eyeliner pencil for gorgeous eye looks.

What it does:
 Create a perfectly lined eye—with no worries about it fading. The liner’s smooth texture glides on easily with intense color payoff- and it glides on seamlessly—without tugging—for gorgeous color payoff. Line eyes for day and night looks with its array of jewel-tone shades- or go for the classic neutral colors for enhanced eyes that standout. This eyeliner’s blendable texture allows you to line and smudge your eyes to perfection- and then it sets for a look that lasts for hours.
",https://www.sephora.com/productimages/sku/s2494110-main-zoom.jpg?imwidth=930,044021145X
15,Lancôme,Makeup,Monsieur Big Mascara Mini,Water- Paraffin- Potassium Cetyl Phosphate- Copernicia Cerifera Cera / Carnauba Wax- Ethylene/Acrylic Acid Copolymer- Styrene/Acrylates/Ammonium Methacrylate Copolymer- Cera Alba / Beeswax- Synthetic Beeswax- Bis-Diglyceryl Polyacyladipate-2- Polybutene- Cetyl Alcohol- Steareth-20- Glyceryl Dibehenate- Steareth-2-C12-13 Pareth-23- C12-13 Pareth-3- Tribehenin- Acacia Senegal Gum- Glyceryl Behenate- Sodium Laureth Sulfate- Silica- Divinyldimethicone/Dimethicone Copolymer- Disodium Edta- Hydrogenated Jojoba Oil- Hydrogenated Palm Oil- Hydroxyethylcellulose- Caprylyl Glycol- Tetrasodium Edta- Ethylenediamine/Stearyl Dimer Dilinoleate Copolymer- Butylene Glycol- Bht- Pentaerythrityl Tetra-Di-T-Butyl Hydroxyhydrocinnamate- Potassium Sorbate- Sodium Dehydroacetate- Phenoxyethanol- [+/- May Contain- Ci 75470 / Carmine- Ci 77007 / Ultramarines-Ci 77491- Ci 77492- Ci 77499 / Iron Oxides]. ,"What it is:
A high-volume mascara that delivers bold lash volume for up to 24 hours.

What it does:
 The Monsieur Big Mascara features a large brush and an ultra-creamy formula that glides onto lashes like silk and delivers up to 12 times the volume with up to 24 hours of wear. Ideal for all-day wear- this mascara doesn’t require touch-ups and doesn’t flake or smudge. This brush’s unique shape features soft- wavy fibers to deliver the perfect amount of formula with the very first stroke. This ultra-creamy formula has supple waxes and polymers to adhere immediately to lashes for big- buildable volume and length.

What it is formulated WITHOUT:
- Parabens
- Sulfates
- Phthalates

Beauty tip:
To take this mascara to the next level- prep your lashes with CILS BOOSTER XL Lash Primer. Then remove all traces of your mascara with the BI-FACIL Double-Action Eye Remover.

What else you need to know:
 Monsieur Big’s brush has a unique shape with soft- wavy fibers to deliver the perfect amount of formula with the very first stroke. The ultra-creamy formula is infused with supple waxes and polymers to adhere immediately to lashes for bold- buildable volume and length. 

Research results:
 In a consumer panel survey on 110 participants:
- 95% felt that it glides easily onto lashes
- 95% find hat it's comfortable to wear all day long 
- 92% found the color of the mascara very dark/intense
- 91% felt that it made their eyes look bigger
- 90% felt that it really lengthened their lashes

",https://www.sephora.com/productimages/sku/s1956184-main-zoom.jpg?imwidth=930,0452282152
16,Lancôme,Mascara,DÉFINICILS WATERPROOF - High Definition Mascara,Isododecane- Cera Alba/Beeswax- Water- Disteardimonium Hectorite- Carnauba Wax- Allyl- Stearate/VA Copolymer- Paraffin- Propylene Carbonate- VA/Vinyl Butyl Benzoate/Crotonates Copolymer- Talc- Polyvinyl Laurate- Sodium- Polymethacrylate- Propylparaben- Methylparaben- Sodium Dehydroacetate- Polyquaternium-10- [+/- (May Contain): CI 77499- CI 77492- CI 77491 (Iron Oxides)- CI 77007 (Ultramarines)- CI 77891 (Titanium Dioxide)- Mica- CI 75470 (Carmine)- CI 77288 (Chromium Oxide Greens)- CI 77289 (Chromium Hydroxide Green)- CI 19140 (Yellow 5 Lake)- CI 42090 (Blue 1 Lake).,Everything you loved about Définicils Mascara—the famous lengthening- separating and lash defining power—is now in a waterproof formula. Make a splash in black- brown or navy. Ophthalmologist tested and suitable for contact lens wearers.,https://www.sephora.com/productimages/sku/s724294-main-zoom.jpg?imwidth=930,0440214041
17,Lancôme,Lipstick,L'Absolu Rouge Lipstick,Pentaerythrityl Isostearate/Caprate/Caprylate/Adipate- Macadamia Ternifolia Seed Oil- Octyldodecyl Stearate- Cera Microcristallina / Microcrystalline Wax / Cire Microcristalline- Peg-45/Dodecyl Glycol Copolymer- Polyglyceryl-3 Beeswax- Hydrogenated Castor Oil Dimer Dilinoleate- Bis-Diglyceryl- Polyacyladipate-2- Tin Oxide- Calcium Aluminum Borosilicate- Calcium Sodium Borosilicate- Methicone- Silica- Alumina- Magnesium Silicate- Hydroxypalmitoyl Sphinganine- Hydroxypropyl Tetrahydropyrantriol- Synthetic Fluorphlogopite- Disteardimonium Hectorite- Polyester-3- Bht- Tocopheryl Acetate- Fragrance- Geraniol- Methyl-2-Octynoate- Hydroxycitronellal- Citronellol- Hexyl Cinnamal- Benzyl Alcohol- [+/- May Contain / Peut Contenir- Ci 15850 / Red 6- Ci 15850 / Red 7- Ci 15850 / Red 7 Lake- Ci 15985 / Yellow 6 Lake- Ci 19140 / Yellow 5 Lake- Ci 42090 / Blue 1 Lake- Ci 45370 / Orange 5- Ci 45380 / Red 22- Ci 45380 / Red 22 Lake- Ci 45410 / Red 28- Ci 45410 / Red 28 Lake- Ci 75470 / Carmine- Ci 77491- Ci 77492- Ci 77499 / Iron Oxides- Ci 77891 / Titanium Dioxide- Mica].,What it is: A luxurious- hydrating lipstick that comes in three finishes (sheer- cream- and matte)- lasts up to eight-hours- and is rich in antioxidants.What Else You Need to Know: This lipstick is infused with moisturizing Pro-Xylane™ and vitamin E and leaves lips feeling replenished- soft- and comfortable. Satin Color™ Complex allows for an even deposit of color upon application- while its pigments last for up to eight hours of wear. It is also non-drying- non-flaking- and non-caking.,https://www.sephora.com/productimages/sku/s2494037-main-zoom.jpg?imwidth=930,0804106304
18,Lancôme,Mascara,HYPNÔSE DRAMA WATERPROOF,Isododecane- Cera Alba/Beeswax/Cire Dabeille- Copernicia Cerifera Cera/Carnauba Wax/Cire De Carnauba- Disteardimonium Hectorite- Water- Allyl Stearate/Va Copolymer- Oryza Sativa Cera/ Rice Bran Wax- Paraffin- Alcohol Denat.- Polyvinyl Laurate Vp/Eicosene Copolymer- Propylene Carbonate- Talc- Synthetic Beeswax- Peg-30 Glyceryl Stearate- Candelilla Cera/Candelilla Wax/ Cire De Candelilla- Panthenol- Ethylenediamine/Stearyl Dimer Dilinoleate Copolymer- Methylparaben- Propylparaben- [+/- May Contain: Ci 77499/Iron Oxides].,"What it is:A full-impact- waterproof volumizing mascara with 24-hour hold.

What it does:Get full volume lashes that last with Lancôme’s waterproof Hypnose Drama Mascara. Its luxe Texturizing Complex features highly saturated waxes and intense black pigments to create maximum lash volume. The full contact brush- with its S-shaped curve- grasps and coats lashes for a fanned out- full fringe. The triple coating system delivers a fluid and creamy application to quickly and easily build bold lashes that won’t clump or flake.

What else you need to know:This product is fragrance free- ophthalmologist-tested- allergy-tested- and safe for contact lens wearers. The mascara contains extrusion technology to create a fine dispersion of product and the film-forming polymer will not dissolve in water.",https://www.sephora.com/productimages/sku/s1254606-main-zoom.jpg?imwidth=930,0440211727
19,Lancôme,Eyeliner,DRAMA LIQUI-PENCIL™ Longwear Eyeliner,"-Double Polymer Complex: Allows the formula to attach to the skin- so it never breaks.
-Volatile Gliding Oil: Provides nourishing color richness and pigment load that settles onto the lid.
-Soft Waxes: Adhere to the skin- leaving a creamy- easy glide- and blendable texture.
-Volatile Gliding Oils and Vitamin E: Nourish the skin for comfortable- all-day wear.

Rimethylsiloxysilicate- Isododecane- Hydrogenated Polyisobutene- Synthetic Wax- Hydrogenated Polydicyclopentadiene- C20-40 Alcohols- Nylon-611/Dimethicone Copolymer- Calcium Sodium Borosilicate- Disteardimonium Hectorite- Polyethylene- Tin Oxide- Calcium Aluminum Borosilicate- Silica- Alumina- Propyl Carbonate- Pentaerythrityl Tetra-Di-T-Butyl Hydroxyhydrocinnamate.
",What it is: An eyeliner pencil that is smudgeable- with long-lasting color payoff in matte and metallic finishes.What Else You Need to Know: With its unique hybrid formula- this eyeliner has the high-intensity color payoff of a liquid liner with the ease of application of a pencil.  While creamy and smudgegable when first applied- Drama Liqui-Pencil sets quickly and will not fade or move.  ,https://www.sephora.com/productimages/sku/s2480051-main-zoom.jpg?imwidth=930,0345337662
20,Lancôme,Mascara,HYPNÔSE DOLL LASHES Mascara,Aqua / Water / Eau- Paraffin- Copernicia Cerifera Cera / Carnauba Wax / Cire De Carnauba- Steareth-20- Cera Alba / Beeswax / Cire Dabeille- Acacia Senegal / Acacia Senegal Gum- Alcohol Denat.- Steareth-2- Cetyl Alcohol- Potassium Cetyl Phosphate- Peg/Ppg-17/18 Dimethicone- Tdi/Trimellitic Anhydride Copolymer- Sodium Polymethacrylate- Silica- 2-Oleamido-1-3-Octadecanediol- Phenethyl Alcohol- Nylon-12- Disodium Edta- Hydroxyethylcellulose- Caprylyl Glycol- Panthenol- Pentylene Glycol- Polyquaternium-10- Sodium Dehydroacetate- [+/- May Contain / Peut Contenir: Ci 77007 / Ultramarines- Ci 77491- Ci 77499 / Iron Oxides- Mica].,"What it is:A wide-eyed effect mascara.
What it does:Swipe on a full lash fringe look. This mascara is enriched with nylon powders- offering an ideal lash application for sexy- fanned out lashes. This mascara creates a volumized- yet separated and extended- lifted lash look that’s perfect for fine- thin lashes. 
Its unique- cone-shaped brush allows for an easy- lightweight application- and the precision tip precisely defines hard-to-reach corners and lower lashes.
What it is formulated WITHOUT:- Parabens- Sulfates - Phthalates
What else you need to know:This product is free of synthetic fragrances and dyes and triclosan. This product was ophthalmologically tested and is suitable for sensitive eyes and contact lens wearers
Research results:In a test group a test group:
- 28 women experienced an eye-opening effect of up to 35%",https://www.sephora.com/productimages/sku/s1357664-main-zoom.jpg?imwidth=930,0060930535
22,Lancôme,Makeup,BI-FACIL - Double-Action Eye Makeup Remover Mini,Water- Cyclopentasiloxane- Isohexadecane- Sodium Chloride- Poloxamer 184- Hexylene Glycol- Dipotassium Phosphate- Benzyl Alcohol- Potassium Phosphate- Quaternium-15- Benzalkonium Chloride- Fragrance- Citronellol- Geraniol.,"What it is:An award-winning- gentle- liquid eye makeup remover. 

What it is formulated to do:This formula activates when shaken to gently whisk away even waterproof eye makeup while conditioning and refreshing the skin. Ideal for sensitive skin and contact lenses- it leaves eyes feeling cool and relaxed without an oily residue. 

What else you need to know:This product has been ophthalmologist tested for safety.Beauty Tip:After removing all traces of eye makeup- apply Rénergie Lift Multi-Action Eye around the eye contour for a brighter- more youthful appearance by morning.
",https://www.sephora.com/productimages/sku/s1783174-main-zoom.jpg?imwidth=930,0312278586
23,Urban Decay,Eyeliner,24/7 Glide-On Eye Pencil,Isododecane- Cyclopentasiloxane- PEG/PPG-19/19 Dimethicone- Synthetic Wax- Hydrogenated Polydicyclopentadiene- Nylon-12- C20-40 Alcohols- Perfluorononyl Dimethicone- Polyglyceryl-4 Diisostearate/Polyhydroxystearate/Sebacate- Polyethylene- Pentaerythrityl Tetra-Di-T-Butyl Hydroxyhydrocinnamate- Tocopherol. [+/- (May Contain/Peut contenir): CI 77499 (Iron Oxides)- CI 77019 (Mica)- CI 77510 (Ferric Ferrocyanide)- CI 77266 (Black 2)].,What it is: An award-winning waterproof eye pencil that glides on ultra-creamy and delivers intense- long-wearing color that won’t budge.Highlighted Ingredients: - Vitamin E: Hydrates- moisturizes- and conditions the lash line. - Jojoba Oil and Cottonseed Oil: Condition and soften the skin. Ingredient Callouts: This product is vegan and cruelty-free.What Else You Need to Know: Upgrade your makeup bag with this waterproof eyeliner. Made with hydrating ingredients like vitamin E- jojoba oil- and cottonseed oil- Urban Decay's 24/7 Eye Pencil comes in matte- satin- and metallic finishes- goes on smoothly- blends easily- and dries to a long-lasting finish.,https://www.sephora.com/productimages/sku/s1393693-main-zoom.jpg?imwidth=930,0743418174
24,Urban Decay,Foundation,Stay Naked Weightless Foundation,Water- Dimethicone- Isododecane- Alcohol Denat.- Trimethylsiloxysilicate- Butylene Glycol- PEG-10 Dimethicone- Perlite- Disteardimonium Hectorite- Synthetic Fluorphlogopite- Nylon-12- Isopropyl Lauroyl Sarcosinate- Diisopropyl Sebacate- HDI/Trimethylol Hexyllactone Crosspolymer- Bis-PEG/PPG-14/14 Dimethicone- Magnesium Sulfate- Phenoxyethanol- Disodium Stearoyl Glutamate- Dipentaerythrityl Tetrahydroxystearate/Tetraisostearate- Silica- Silica Silylate- Acrylonitrile/Methyl Methacrylate/Vinylidene Chloride Copolymer- Tocopherol- Moroccan Lava Clay- Aluminum Hydroxide- Glycerin- Empetrum Nigrum Fruit Juice- Isobutane- Potassium Sorbate- Methicone. May Contain (+/-):Iron Oxides (Ci 77491- Ci 77492- Ci 77499)- Titanium Dioxide (Ci 77891)- Ultramarines (Ci 77007)- Yellow 6 Lake (Ci 15985).,What it is: A vegan- buildable- medium-coverage liquid foundation with a real-skin- matte finish that lasts up to 24 hours.Coverage: MediumFinish: Matte Formulation: Liquid Skin Type: Normal- Dry- Combination- and Oily Ingredient Callouts: This product is vegan and cruelty-free. What Else You Need to Know: Available in 50 shades—designed with nine shade intensities- three master-tones- and seven undertones—this waterproof- long-wear foundation feels like a second skin- thanks to its breathable formula. It feels better and looks better with stay-true color- which minimizes the appearance of pores.,https://www.sephora.com/productimages/sku/s2246932-main-zoom.jpg?imwidth=930,0671021001
25,Urban Decay,Eye Primer,Eyeshadow Primer Potion - Original,Isododecane- Talc- Cyclopentasiloxane- Disteardimonium Hectorite- Trimethylsiloxysilicate- Trihydroxystearin- Polyethylene- Triethylhexanoin- Hydroxystearic/Linolenic/Oleic Polyglycerides- Sorbitan Sesquioleate- VP/Eicosene Copolymer- Dimethicone- PEG-40 Stearate- Phenoxyethanol- Synthetic Beeswax- Propylene Carbonate- Water. [+/- (May Contain): Mica- CI 77891 (Titanium Dioxide)- CI 77491/77492/77499 (Iron Oxides)- CI 77163 (Bismuth Oxychloride)].,What it is: An award-winning nude eyeshadow primer that ensures vibrant- crease-free wear for up to 24 hours.Ingredient Callouts: Free of parabens. This product is also vegan and cruelty-free.What Else You Need to Know: This eye primer keeps eyeshadow crease-free- color vibrant- and application smooth. Formulated with polymer technology- this vegan beauty essential serves as the perfect foundation for your eyeshadow and eyeliner- filling in the look of any surface imperfections and prepping lids for all-day wear,https://www.sephora.com/productimages/sku/s1704402-main-zoom.jpg?imwidth=930,0345370775
26,Urban Decay,Makeup,All Nighter Long-Lasting Makeup Setting Spray Mini, Aqua / Water- Alcohol Denat.- PVP- Dimethicone PEG-7 Phosphate- PPG-3 Benzyl Ether Myristate- Polyhydroxystearic Acid- Dipropylene Glycol- Isononyl Isononanoate- Ethylhexyl Isononanoate- Caprylyl Glycol- Sodium Cocamidopropyl PG-Dimonium Chloride Phosphate- Methyl Methacrylate Crosspolymer- Glycereth-5 Lactate- Sodium Hydroxide- Parfum / Fragrance- Phenylpropanol- Propanediol- Methyl Diisopropyl Propionamide- Poloxamer 407- Aloe Barbadensis Leaf Juice Powder- Maltodextrin- Hexyl Cinnamal- Linalool- Citronellol- Limonene- Benzyl Alcohol- Pentaerythrityl Tetra-di-t-butyl Hydroxyhydrocinnamate- Tocopherol- Potassium Sorbate- Sodium Benzoate- BHT. ,"What it is:A weightless setting spray that keeps makeup looking just-applied for up to 16 hours. 

What it does:Is makeup meltdown ruining your midnight mojo? Mist on this weightless spray to give your makeup serious staying power. Developed in an exclusive partnership with SKINDINÄVIA- this groundbreaking- clinically tested formula is suitable for all skin types and features patented Temperature Control Technology. It actually lowers the temperature of your makeup to keep foundation- eyeshadow- blush- and concealer in place—even in hot and humid or cold and windy conditions. The result? Smoother-looking skin and vibrant makeup that lasts all day (or night) without melting- cracking- fading- or settling into fine lines.

What it is formulated WITHOUT:- Parabens- Sulfates - Phthalates

What else you need to know:
Unlike similar products on the market that feel sticky or tight on your skin- the sprayer delivers a microfine mist that goes on so light- you’ll hardly feel it—and once you’ve applied it- you won’t even know it’s there. 
Research results:
In a 7-day clinical study of All Nighter:
- 78% of participants said All Nighter helped their makeup last for 16 hours
- Over 80% said their makeup not only looked better- it stayed on better (even in the T-zone) without settling into fine lines
- Whether they had combination- oily- or dry skin- 88% or more said All Nighter was the best product to help their makeup last",https://www.sephora.com/productimages/sku/s1899954-main-zoom.jpg?imwidth=930,0446605239
27,Urban Decay,Mascara,Perversion Mascara,-Hairdensyl: Helps support lash growth.-Honey Extract: Nurtures lashes-Marine Collagen: Protects lashes. Water- Synthetic Beeswax- Acacia Senegal Gum- Stearic Acid- Palmitic Acid- Copernicia Cerifera (Carnauba) Wax (Cera Carnauba/Cire de Carnuba)- Butylene Glycol- Glyceryl Stearate- Polybutene- VP/Eicosene Copolymer- Aminomethyl Propanol- Pentylene Glycol- Phenoxyethanol- Caprylyl Glycol- Sodium Dehydroacetate- Potassium Sorbate- Hydroxyethylcellulose- Soluble Collagen- Myristic Acid- Arachidic Acid- Behenic Acid- Glycerin- Propylene Glycol- Oleic Acid- Mel (Honey/Miel) Extract- Sodium PCA- Hydrolyzed Elastin- Glycogen- Serine. [+/- (May Contain): CI 77499 (Iron Oxides)].,What it is: An ultra-creamy- lengthening- and volumizing mascara that delivers the dramatic look of false eyelashes.Highlighted Ingredients: - Hairdensyl: Helps support lash growth.- Honey Extract: Nurtures lashes.- Marine Collagen: Protects lashes.Ingredient Callouts: Free of parabens. This product is also cruelty-free.What Else You Need to Know: Perversion’s creamy texture delivers the deepest- most intense black color- while the volumizing brush separates and defines for a clean- clump-free finish. Formulated with marine collagen and honey extract- this mascara nurtures and protects.,https://www.sephora.com/productimages/sku/s1635770-main-zoom.jpg?imwidth=930,0156027321
28,Urban Decay,Eye Palettes,Naked3 Palette,Darkheart:  Talc- Zinc Stearate- Silica- Ethylhexyl Palmitate- Boron Nitride- Sodium Dehydroacetate- Phenoxyethanol- Sorbic Acid- Tin Oxide. [+/- (May Contain): CI 77491- CI 77492- CI 77499 / Iron Oxides- Mica- CI 77891 / Titanium Dioxide- CI 75470 / Carmine- CI 77288 / Chromium Oxide Greens]. All Other Shades:  Talc- Caprylic/Capric Triglyceride- Zinc Stearate- Ptfe- Polyethylene Terephthalate- Calcium Aluminum Borosilicate- Ethylene/Acrylic Acid Copolymer- Calcium Sodium Borosilicate- Sodium Dehydroacetate- Synthetic Fluorphlogopite- Phenoxyethanol- Silica- Sorbic Acid- Polyurethane-33- Aluminum Hydroxide- Tin Oxide- Acrylates Copolymer- Polybutylene Terephthalate- Polylactic Acid- Polymethyl Methacrylate- Stearic Acid- Calcium Stearate- Magnesium Stearate. [+/- (All Shades May Contain): Mica- Ci 77891 / Titanium Dioxide- Ci 77491- Ci 77492- Ci 77499 / Iron Oxides- Ci 77742 / Manganese Violet- Ci 77007 / Ultramarines- Ci 77163 / Bismuth Oxychloride- Ci 77400 / Bronze Powder- Ci 77000 / Aluminum Powder- Ci 75470 / Carmine- Ci 42090 / Blue 1 Lake- Ci 77510 / Ferric Ferrocyanide- Ci 77288 / Chromium Oxide Greens- Ci 77510 / Ferric Ammonium Ferrocyanide- Ci 77400 / Copper Powder- Ci 77289 / Chromium Hydroxide Green- Ci 19140 / Yellow 5 Lake- Ci 19140 / Yellow 5. ,What it is: An eyeshadow palette with 12 rose-hued neutrals in ultra-smooth mattes- gorgeous pearls- and glimmering metallics.Ingredient Callouts: Free of sulfates SLS and SLES- parabens- and phthalates. This product is also cruelty-free.What Else You Need to Know: Every shade in this palette- from the palest pink shimmer to a deep black matte with rosy red micro-glitter- is formulated with Urban Decay’s Pigment Infusion System™ to deliver velvety texture- richly pigmented color- serious staying power- and optimal blendability.This Palette Contains:- 12 x 0.05 oz/ 1.41 g Eyeshadows in Strange (pale neutral pink matte-satin)- Dust (pale metallic pink shimmer with iridescent micro-glitter)- Burnout (light pink-peach satin)- Limit (light dusty rose matte)- Buzz (metallic rose shimmer with silver micro-glitter)- Trick (light metallic pinky-copper shimmer with tonal micro-sparkle)- Nooner (medium pinky-brown matte)- Liar (medium metallic mauve shimmer)- Factory (pinky-brown satin)- Mugshot (metallic taupe shimmer with slight pink shift)- Darkside (deep taupe-mauve satin)- Darkheart (smoky black matte with rosy-red micro-sparkle),https://www.sephora.com/productimages/sku/s1573336-main-zoom.jpg?imwidth=930,0440241073
29,Urban Decay,Makeup,Naked2 Basics Eyeshadow Palette,Skimp:  Talc- Mica- Caprylic/Capric Triglyceride- Kaolin- Silica- Boron Nitride- PTFE- Dimethicone- Zinc Stearate- Methicone- Glyceryl Caprylate- Sodium Dehydroacetate- [+/- (May Contain): CI 77891 (Titanium Dioxide)- CI 77491/77492/77499 (Iron Oxides)-CI 75470 (Carmine)- CI 77007 (Ultramarines)].Stark:  Kaolin- Talc- Mica- Silica- Caprylic/Capric Triglyceride- PTFE- Boron Nitride- Dimethicone- Methicone- Glyceryl Caprylate- Zinc Stearate- Sodium Dehydroacetate- [+/- (May Contain): CI 77891 (Titanium Dioxide)- CI 77491/77492/77499 (Iron Oxides)-CI 75470 (Carmine)- CI 77007 (Ultramarines)].Frisk: Mica- Kaolin- Talc- Boron Nitride- Caprylic/Capric Triglyceride- Silica- PTFE- Zinc Stearate- Dimethicone- Methicone- Glyceryl Caprylate- Sodium Dehydroacetate- [+/- (May Contain): CI 77891 (Titanium Dioxide)- CI 77491/77492/77499 (Iron Oxides)-CI 75470 (Carmine)- CI 77007 (Ultramarines)].Cover/Primal: Talc- Kaolin- Mica- Boron Nitride- Caprylic/Capric Triglyceride- Silica- PTFE- Zinc Stearate- Dimethicone- Methicone- Glyceryl Caprylate- Sodium Dehydroacetate- [+/- (May Contain): CI 77891 (Titanium Dioxide)- CI 77491/77492/77499 (Iron Oxides)-CI 75470 (Carmine)- CI 77007 (Ultramarines)].Undone: Talc- Boron Nitride- Mica- Kaolin- Silica- PTFE- Caprylic/Capric Triglyceride- Zinc Stearate- Dimethicone- Methicone- Glyceryl Caprylate- Sodium Dehydroacetate- [+/- (May Contain): CI 77891 (Titanium Dioxide)- CI 77491/77492/77499 (Iron Oxides)-CI 75470 (Carmine)- CI 77007 (Ultramarines)].,What it is: A versatile eyeshadow palette featuring six taupe-hued shades for everyday beauty looks.Ingredient Callouts: This product is cruelty-free and gluten-free.What Else You Need to Know: Ideal for creating a neutral matte eye or pairing with brighter shades as a base- these taupe eyeshadows compliment a wide range of skin tones- from cool to olive to dark- and are made with Urban Decay’s Pigment Infusion System™ for velvety texture- rich color- staying power- and blendability. This Palette Contains:- 6 x 0.05 oz/ 1.4 g Eyeshadows Skimp (pale nude satin)- Stark (nude-pink matte)- Frisk (warm gray matte)- Cover (muted red-brown matte)- Primal (muted brown matte)- Undone (deep- smoky brown matte),https://www.sephora.com/productimages/sku/s1637719-main-zoom.jpg?imwidth=930,0671003755
30,Urban Decay,Foundation,All Nighter Liquid Foundation,Cyclopentasiloxane- Water- Methyl Methacrylate Crosspolymer- Dimethicone- Isododecane- Butylene Glycol- Acrylates/Dimethicone Copolymer- PEG/PPG-18/18 Dimethicone- Phenyl Trimethicone- Magnesium Sulfate- Lauryl Polyglyceryl-3 Polydimethylsiloxyethyl Dimethicone- Phenoxyethanol- Dimethicone Crosspolymer- Disteardimonium Hectorite- Triethoxysilylethyl Polydimethylsiloxyethyl Dimethicone- Isopropyl Titanium Triisostearate- Dimethicone Crosspolymer-3- Propylene Carbonate- Tocopherol. [+/- (All Shades May Contain): CI 77891 (Titanium Dioxide)- CI 77491/77492/77499 (Iron Oxides)].,What it is: A full-coverage- waterproof foundation that lasts all night- is comfortable enough to wear every day- and is completely matte- never flat.Coverage: Full Finish: Natural  Formulation: Liquid Skin Type: Combination and Oily  Ingredient Callouts: Free of parabens. This product is also vegan and cruelty-free. What Else You Need to Know: Get all-night wear and a blown-out effect you never thought was possible for a flawless-looking complexion. Loaded with an insane amount of pigment- this waterproof formula diffuses light to blur flaws for beautifully-perfected skin as it mattifies and absorbs oil to reduce the appearance of shine.,https://www.sephora.com/productimages/sku/s1847508-main-zoom.jpg?imwidth=930,0060976845
31,Urban Decay,Eyeshadow,Eyeshadow, Caprylic/Capric Triglyceride- Talc- Zinc Stearate- PTFE- Ethylene/Acrylic Acid Copolymer- Sodium Dehydroacetate- Phenoxyethanol- Sorbic Acid. May contain: CI 77019 (Mica)- CI 77891 (Titanium Dioxide)- CI 77491/77499 (Iron Oxides).,"What it is:An innovative eyeshadow that delivers a high-pigment- velvety finish that lasts.
What it does:This eyeshadow features even softer- velvety texture and richer- more decadent color. Sweep on smoother- more uniform pigment and blendability- and longer-lasting- more crease-free wear. This array of shades features a completely revamped assortment of shadows in new finishes- and a redesigned token compact.
Formulated with Urban Decay’s Pigment Infusion System™- it acts as a vehicle for color that holds tightly to pigment so that the eyeshadow can glide on seamlessly. It features a proprietary blend of ingredients that allows color to fuse with the formula- resulting in high-impact color that stays on your lids. 
What it is formulated WITHOUT:- Parabens- Sulfates- Phthalates
What else you need to know:This new assortment of shades features bestselling favorites- all-new shades- and several shades previously available in past palettes.

Each eyeshadow features packaging that’s inspired by New York City subway tokens. The chromed gunmetal compact has a clear window that allows you to see your shade and easily pop your shadows out and into one of the new customizable palettes.
",https://www.sephora.com/productimages/sku/s2417905-main-zoom.jpg?imwidth=930,1400034779
32,Urban Decay,Concealer,Stay Naked Correcting Concealer,Water- Cyclopentasiloxane- Butylene Glycol- Silica- Cyclohexasiloxane- Glycerin- Isononyl Isononanoate- Peg/Ppg-18/18 Dimethicone- Dimethicone- Camellia Sinensis Leaf Extract- Sodium Chloride- Cetyl Peg/Ppg-10/1 Dimethicone- Disteardimonium Hectorite- Isopropyl Titanium Triisostearate- Phenoxyethanol- Trimethylsiloxysilicate- Caprylyl Glycol- Propylene Carbonate- Tocopheryl Acetate- Triethoxycaprylylsilane- Tetrahexyldecyl Ascorbate- Alumina- Carbomer- Sodium Lactate- Litchi Chinensis Pericarp Extract- Polysorbate 20- Biosaccharide Gum-1- Sodium Hyaluronate- Disodium Edta- Sodium Benzoate- Tocopherol- Palmitoyl Tripeptide-1- Palmitoyl Tetrapeptide-7- Pentaerythrityl Tetra-Di-T-Butyl Hydroxyhydrocinnamate. May Contain (+/-):Titanium Dioxide (Ci 77891)- Iron Oxides (Ci 77491- Ci 77492- Ci 77499)- Bismuth Oxychloride (Ci 77163). ,What it is:  An ultra-pigmented- lightweight concealer that covers hyperpigmentation and imperfections with a real-skin- matte finish- and lasts up to 24 hours.Coverage: FullFinish: MatteFormulation: Liquid Skin Type: Normal- Dry- Combination- and Oily Ingredient Callouts: This product is vegan and cruelty-free.What Else You Need to Know: With 25 vegan shades- this concealer features nine shade intensities- three master-tones- five undertones- and enough coverage to last all day. Use this flexible- second-skin concealer for just about anything- from covering an imperfection to highlighting a cheekbone. The patented- wave-tip applicator makes it easy to get the right level of coverage. Use the flat side for precise- light application or lean into the curve for a heavier dose of product.,https://www.sephora.com/productimages/sku/s2247476-main-zoom.jpg?imwidth=930,0786868716
33,Urban Decay,Eye Primer,Eyeshadow Primer Potion - Anti-Aging,Isododecane- Talc- Cyclopentasiloxane- Trimethylsiloxysilicate- Triethylhexanoin- Oryza Sativa (Rice/Riz) Bran Oil- Trihydroxystearin- Disteardimonium Hectorite- Polyethylene- Sorbitan Sesquioleate- VP/Hexadecene Copolymer- C12-15 Alkyl Benzoate- Dimethicone- Alumina- Caprylic/Capric Triglyceride- Phenoxyethanol- PEG-40 Stearate- Synthetic Beeswax- Propylene Carbonate- Hexyl Laurate- Polyglyceryl-4 Isostearate- Tribehenin- PEG-10 Dimethicone- Stearic Acid- Ethylhexylglycerin- Ceramide 2- PEG-10 Rapeseed Sterol- Alaria Esculenta Extract- Palmitoyl Oligopeptide- Aqua (Water/Eau) May Contain: Mica- CI 77891 (Titanium Dioxide)- CI 77491/77492/77499 (Iron Oxides)- CI 77163 (Bismuth Oxychloride). ,What it is: A creamy eyeshadow primer with anti-aging benefits that ensures vibrant- crease-free color for up to 24 hours.Ingredient Callouts: Free of parabens. This product is also vegan and cruelty-free.What Else You Need to Know: A vegan beauty favorite- this eye primer preps lids for shadow and eyeliner- intensifying color for all-day wear. Optical blurring pigments create a soft-focus effect that minimizes redness and smooths texture- while anti-aging skincare ingredients help fight the look of wrinkles and improve skin tone.Clinical Results: In a 8-week clinical study:- 100% of participants had a measurable improvement in the appearance of fine lines- 100% had measurably brighter skin- 97% had a measurable improvement in radiance and clarity,https://www.sephora.com/productimages/sku/s1704410-main-zoom.jpg?imwidth=930,0440234743
34,Urban Decay,Lipstick,Vice Lipstick, Octyldodecanol- Isodecyl Neopentanoate- Kaolin- Cetyl Ricinoleate- Butyrospermum Parkii Oil / Shea Oil- Aluminum Starch Octenylsuccinate- Candelilla Cera / Candelilla Wax- Cetyl Lactate- Cera Alba / Beeswax- Cera Microcristallina / Microcrystalline Wax- Polyethylene- Dimethicone/Bis-Isobutyl Ppg-20 Crosspolymer- Aqua / Water- Octyldodecyl Neopentanoate- Caprylyl Glycol- Calcium Sodium Borosilicate- Aluminum Hydroxide- Alumina- Pentaerythrityl Tetra-di-t-Butyl Hydroxyhydrocinnamate- Silica- Tocopherol- Tocopheryl Acetate- Colophonium / Rosin- Glycine Soja Oil / Soybean Oil- Squalane- Orbignya Oleifera Seed Oil- Simmondsia Chinensis Seed Oil / Jojoba Seed Oil- Ascorbyl Palmitate- Theobroma Cacao Seed Butter / Cocoa Seed Butter- Persea Gratissima Oil / Avocado Oil- Shorea Stenoptera Seed Butter- Butyrospermum Parkii Butter / Shea Butter- Tin Oxide- Aloe Barbadensis Leaf Extract- Synthetic Fluorphlogopite- Calcium Aluminum Borosilicate- Polyethylene Terephthalate- Citric Acid- Polylactic Acid. [+/- (May Contain/Peut contenir): CI 77891 / Titanium Dioxide- CI 77491- CI 77492- CI 77499 / Iron Oxides- Mica- CI 15850 / Red 7 Lake- CI 77120 / Barium Sulfate- CI 45410 / Red 28 Lake- CI 15850 / Red 6- CI 19140 / Yellow 5 Lake- CI 15985 / Yellow 6 Lake- CI 42090 / Blue 1 Lake- CI 17200 / Red 33 Lake- CI 75470 / Carmine].,What it is: An innovative lip formula- in an array of shades and finishes- that gives an unbelievable laydown of color with just one swipe.What it does: Vice Lipstick features six indulgent finishes  and array of addictive shades that range from bold brights to dark hues to versatile neutrals. Each shade applies smoothly (without dragging or skipping)- hugs lips- and feels ultra-comfortable. Urban Decay’s proprietary Pigment Infusion System™ gives the formula its super-creamy texture- rich payout- and superior color dispersion. What else you need to know: This creamy formula is packed with nourishing ingredients. A butter blend comforts- hydrates- and enhances- leaving lips soft and conditioned- and never dry. Aloe vera- jojoba- avocado- and babassu oils nourish and soften lips. Illipe butter- derived from Malaysian illipe trees- provides long-lasting moisture- while the vitamins C and E deliver a hint of antioxidants.,https://www.sephora.com/productimages/sku/s2481943-main-zoom.jpg?imwidth=930,0440222656
35,Urban Decay,Makeup,Eyeshadow Primer Potion - Original Mini,Isododecane- Talc- Cyclopentasiloxane- Disteardimonium Hectorite- Trimethylsiloxysilicate- Trihydroxystearin- Polyethylene- Triethylhexanoin- Hydroxystearic/Linolenic/Oleic Polyglycerides- Sorbitan Sesquioleate- VP/Eicosene Copolymer- Dimethicone- PEG-40 Stearate- Phenoxyethanol- Synthetic Beeswax- Propylene Carbonate- Water. [+/- (May Contain): Mica- CI 77891 (Titanium Dioxide)- CI 77491/77492/77499 (Iron Oxides)- CI 77163 (Bismuth Oxychloride)].,"What it is:A 24-hour wear- nude eyeshadow primer that ensures vibrant- crease-free wear.

What it does:This primer keeps your eyeshadow crease-free while making color more vibrant and providing a smoother application. Formulated with polymer technology- it fills in any imperfections on the skin’s surface- prepping lids for all-day wear. It glides on smoothly- blends beautifully on all skin tones- and dries on invisibly.",https://www.sephora.com/productimages/sku/s1704444-main-zoom.jpg?imwidth=930,0440221471
36,Urban Decay,Lip Liner,24/7 Glide-On Lip Pencil,Cyclopentasiloxane- Polybutene- Synthetic Wax- Isododecane- Simmondsia Chinensis Seed Oil / Jojoba Seed Oil- Hydrogenated Cottonseed Oil- Ceresin- Ozokerite- Cera Microcristallina / Microcrystalline Wax / Cire Microcristalline- Phenoxyethanol- Alumina- Tocopherol- Calcium Aluminum Borosilicate- Barium Sulfate- Ascorbyl Palmitate- Colophonium / Rosin / Colophane- Silica- Tin Oxide. [+/- (May contain/Peut contenir): Mica- CI 77891 / Titanium Dioxide- CI 77491- CI 77492- CI 77499 / Iron Oxides- CI 15850 / Red 7- CI 45410 / Red 28 Lake- CI 15850 / Red 7 Lake- CI 15850 / Red 6- CI 77163 / Bismuth Oxychloride- CI 77742 / Manganese Violet- CI 15985 / Yellow 6 Lake- CI 42090 / Blue 1 Lake- CI 19140 / Yellow 5 Lake- CI 75470 / Carmine- CI 73360 / Red 30]. ,"What it is:
A creamy- 24-hour wear lip pencil that lines and primes lips.

What it does:
 Get primed and ready with Urban Decay’s 24/7 Glide-On Lip Pencil. This long-lasting- waterproof liner glides on smoothly to prime and define lips for long-lasting lip color and clean lines. It features a wide array of shades that coordinate with Vice Lipstick.

Use 24/7 Lip Pencil to fill in your lips completely- prime them for lipstick or gloss- and lock onto color. It even prevents color from feathering out of bounds. The waterproof formula glides on smoothly- stays creamy- and defines your lips with gorgeous color- while never feeling dry or cakey. Formulated with moisturizing vitamin E- jojoba oil- and cottonseed oil- it nourishes lips every time you apply.

What else you need to know:
 The shade-matched barrels make it easy to find the exact color you need.",https://www.sephora.com/productimages/sku/s1724921-main-zoom.jpg?imwidth=930,0345361792
37,Urban Decay,Face Primer,All Nighter Face Primer,Aqua / Water / Eau- Butylene Glycol- Polyacrylamide- Ethylhexyl Palmitate- Glycerin- C13-14 Isoparaffin- Phenoxyethanol- Caprylyl Glycol- Pullulan- Laureth-7- Tocopheryl Acetate- Tetrahexyldecyl Ascorbate- Silica Dimethyl Silylate [nano] / Silica Dimethyl Silylate- Nannochloropsis Oculata Extract- Carbomer- Sodium Lactate- Potassium Sorbate- Triethanolamine- Sodium Benzoate- Litchi Chinensis Pericarp Extract- Polysorbate 20- Sodium Hyaluronate- Hexylene Glycol- Palmitoyl Tripeptide-1- Palmitoyl Tetrapeptide-7.,What it is: A smoothing and hydrating face primer that grips foundation into place and supports its staying power- so your look lasts all day.Ingredient Callouts: This product is also vegan and cruelty-free.What Else You Need to Know: This long-wearing complexion primer goes on sheer- silky soft to the touch- and leaves skin feeling hydrated. It preps and smooths the look of skin- then grips makeup in place so it lasts longer- but is so lightweight that you can wear it solo. It reduces the look of fine lines and leaves skin feeling slightly lifted. ,https://www.sephora.com/productimages/sku/s2302818-main-zoom.jpg?imwidth=930,0440236673
38,Urban Decay,Cheek Palettes,"Stay Naked Threesome Blush, Bronzer, & Highlighter Palette",Blush: Talc- Silica- Boron Nitride- Zinc Stearate- Nylon-12- Lauroyl Lysine- Dimethicone- Methicone- Octyldodecyl Stearoyl Stearate- Ethylhexyl Palmitate- Hydrogenated Coco-Glycerides- Phenoxyethanol- Potassium Sorbate- Moringa Oleifera Seed Oil. [+/- (May contain / Peut contenir): CI 77491- CI 77492- CI 77499 / Iron Oxides- CI 77891 / Titanium Dioxide- CI 73360 / Red 30 Lake- CI 15850 / Red 6]. Bronzer- Highlighter: Talc- Zinc Stearate- Dimethicone- Glyceryl Caprylate- Octyldodecyl Stearoyl Stearate- Hydrogenated Coco-Glycerides- Nylon-12- Boron Nitride- Lauroyl Lysine- Silica- Magnesium Carbonate- Potassium Sorbate- Moringa Oleifera Seed Oil- Tin Oxide. [+/- (May contain / Peut contenir): Mica- CI 77491- CI 77492- CI 77499 / Iron Oxides- CI 77891 / Titanium Dioxide]. ,What it is: A three-in-one blush- bronzer- and highlighter palette with a new and improved formula that’s creamy- lightweight- and lasts up to 14-hours.Coverage: Full Finish: Matte Formulation: Liquid Skin Type: Normal- Dry- Combination- and Oily Ingredient Callouts: This product is also vegan and cruelty-free.What Else You Need to Know: Stay Naked Threesome’s creamy- silky powder formula is blendable and buildable- without getting streaky or cakey. Infused with moringa seed oil- it contains antioxidant and anti-pollution properties that help balance and protect skin. Use the bronzer- highlighter- and blush solo or combined for allover glow and smudge-free color that lasts up to 14 hours.Each Palette Contains:(Each sold separately)Fly Pallete:- 0.14 oz/ 4 g Bronzer (deep bronze)- 0.09 oz/ 2.8 g Highlighter (rich gold)- 0.08 oz/ 2.5 g Blush (terracotta pink)Naked Pallete:- 0.14 oz/ 4 g Bronzer (medium bronze)- 0.09 oz/ 2.8 g Highlighter (soft gold)- 0.08 oz/ 2.5 g Blush (classic pink)Rise Pallete:- 0.14 oz/ 4 g Bronzer (pale bronze)- 0.09 oz/ 2.8 g Highlighter (peachy shimmer)- 0.08 oz/ 2.5 g Blush (bright pink),https://www.sephora.com/productimages/sku/s2313872-main-zoom.jpg?imwidth=930,0345417623
39,Urban Decay,Mascara,Subversion Lash Primer," -Vitamin E: Conditions lashes.
-Panthenol: Protects lashes.

Water- C18-36 Acid Triglyceride- Synthetic Wax- Myristic Acid- Stearic Acid- Bis-Diglyceryl Polyacyladipate-2- Butylene Glycol- Copernicia Cerifera (Carnauba) Wax- Glyceryl Stearate- Cera Alba (Beeswax/Cire D'abeille)- Tromethamine- Phenoxyethanol- Hydroxyethylcellulose- Xanthan Gum- Caprylyl Glycol- Hydrogenated Lecithin- Euphorbia Cerifera (Candelilla) Wax- Simethicone- HexyleneGlycol- Sodium Dehydroacetate- Disodium EDTA- Tocopheryl Acetate- Tocopherol- Ascorbyl Palmitate- Panthenol.","What it is:
A whipped- creamy lash primer that conditions and preps for the perfect mascara application.
What it does:
Prep eyelashes for the perfect mascara application with Subversion Lash Primer. The brush coats each lash from root to tip- making them thicker and longer—letting you build dramatically better-looking lashes that look like false lashes. Formulated with protective panthenol and conditioning vitamin E- this primer strengthens lashes for high-volume application. 
What it is formulated WITHOUT:- Parabens
What else you need to know:This product is fragrance-free.",https://www.sephora.com/productimages/sku/s1635788-main-zoom.jpg?imwidth=930,0316769487
40,Urban Decay,Makeup,De-Slick Oil-Control Makeup Setting Spray Mini,Water- Alcohol Denat.- PVP- Dimethicone PEG-7 Phosphate- PPG-3 Benzyl Ether Myristate- Polyhydroxystearic Acid- Dipropylene Glycol- Isononyl Isononanoate- Ethylhexyl Isononanoate- Caprylyl Glycol- Sodium Cocamidopropyl PG-Dimonium Chloride Phosphate- Methyl Methacrylate Crosspolymer- Glycereth-5 Lactate- Sodium Hydroxide- Phenylpropanol- Fragrance- Propanediol- Methyl Diisopropyl Propionamide- Poloxamer 407- Aloe Barbadensis Leaf Juice Powder- Maltodextrin- Hexyl Cinnamal- Linalool- Citronellol- Limonene- Benzyl Alcohol- Tocopherol- Potassium Sorbate- Sodium Benzoate- BHT.,What it is: A setting and finishing spray that keeps makeup looking just-applied- delivers oil control- and deflects shine for a matte complexion that lasts. Ingredient Callouts: Free of phthalates. This product is also vegan and cruelty-free.What Else You Need to Know: Made with Urban Decay’s patented Temperature Control Technology- this oil-free- microfine mist lowers the temperature of your makeup to keep foundation- concealer- shadow- and blush from smudging- sliding- or fading.,https://www.sephora.com/productimages/sku/s1900703-main-zoom.jpg?imwidth=930,0385484518
41,Urban Decay,Foundation,Stay Naked The Fix Powder Foundation,Talc- Magnesium Stearate- Polymethyl Methacrylate- Synthetic Fluorphlogopite- Isononyl Isononanoate- Nylon-12- Hydrogenated Polydecene- Vinyl Dimethicone/Methicone Silsesquioxane Crosspolymer- Diphenyl Dimethicone/Vinyl Diphenyl Dimethicone/Silsesquioxane Crosspolymer- Dimethicone- Aluminum Hydroxide- Ethylhexylglycerin- Perfluorooctyl Triethoxysilane / Perfluorohexylethyl Triethoxysilane- Lauroyl Lysine- Methicone- Hydrogenated Palm Oil- Palmitoyl Proline- Glycerin- Hydrogen Dimethicone- Aqua / Water / Eau- Sodium Palmitoyl Sarcosinate- Magnesium Palmitoyl Glutamate- Palmitic Acid- Phenoxyethanol- Moringa Oleifera Seed Extract- Disodium Phosphate- Citric Acid- Tocopherol. [+/- (May contain/Peut contenir): CI 77891 / Titanium Dioxide- CI 77491- CI 77492- CI 77499 / Iron Oxides- Mica].,What it is: A weightless- vegan long-wear powder foundation with buildable medium coverage and a real-skin matte finish that lasts up to 16 hours.Coverage: Medium Finish: MatteFormulation: Pressed powder Skin Type: Normal- Dry- Combination- and Oily Ingredient Callouts: Free of sulfates SLS and SLES- parabens- phthalates. This product is also vegan and cruelty-free.What Else You Need to Know: Everything you love about Stay Naked Foundation—now in a powder. The Fix’s silky- breathable formula is water and sweat-resistant- with moringa seed oil for anti-pollution and anti-aging benefits. Includes a charcoal-infused sponge to detoxify and mattify skin with every application,https://www.sephora.com/productimages/sku/s2311249-main-zoom.jpg?imwidth=930,0446610038
42,Urban Decay,Eyeliner,24/7 Waterline Eye Pencil, Hydrogenated Polyisobutene- Isododecane- Synthetic Wax- Polymethylsilsesquioxane- Silica- Polybutene- Hydrogenated Polydicyclopentadiene- Oryza Sativa Bran Cera / Rice Bran Wax- Hydrogenated Castor Oil- Synthetic Beeswax- Ethylene/Propylene Copolymer- Pentaerythrityl Tetra-di-t-butyl Hydroxyhydrocinnamate- Alumina. [+/- (May contain/Peut contenir): CI 77491- CI 77492- CI 77499 / Iron Oxides- CI 77891 / Titanium Dioxide- CI 77510 / Ferric Ferrocyanide- CI 77288 / Chromium Oxide Greens- Mica- CI 19140 / Yellow 5 Lake]. ,"What it is:
 A creamy- waterproof- demi-matte eye pencil specifically designed for gliding along the inner rim of the waterline.

What it does:
 Urban Decay’s creamy- demi-matte 24/7 Waterline Eye Pencil lays down waterproof color in a range of never-before-seen shades. Created for use along the inner rim in the waterline (and fully legit)- this pencil is even creamier than Urban Decay’s original bestselling 24/7 Glide-On Eye Pencil. It glides on easily and goes anywhere you want to put it. Once the color sets- it won’t budge so you can perfectly line your waterline in classic black- or opt for a colorful shade—like navy or green—for an eye look that really stands out.

What it is formulated WITHOUT:
- Parabens

What else you need to know:
 So you can easily tell the difference between 24/7 Eye Pencil and 24/7 Waterline Eye Pencil- Urban Decay gave 24/7 Waterline a shade-matched ombré gradient that fades to black- with a matte black cap and end. This product is free of mineral oil- paraffin- and preservatives.",https://www.sephora.com/productimages/sku/s1744283-main-zoom.jpg?imwidth=930,0446310786
43,Urban Decay,Mascara,Perversion Waterproof Mascara,unknown,What it is: A super-intense- blacker-than-black mascara which is now waterproof.Ingredient Callouts: Free of parabens. This product is also cruelty-free.What Else You Need to Know: Urban Decay’s ultra-creamy- lengthening- and volumizing formula coats each lash and never gets brittle or clumpy.  A nurturing blend of proteins- amino acids- and honey extract supports a look of bigger- blacker eyelashes.,https://www.sephora.com/productimages/sku/s2203198-main-zoom.jpg?imwidth=930,044022165X
44,Urban Decay,Eyeliner,Heavy Metal Glitter Eyeliner - Sparkle Out Loud Collection,Water- Polyethylene Terephthalate- Calcium Sodium Borosilicate- Propylene Glycol- Glycerin- PVP- Acrylates Copolymer- Phenoxyethanol- Caprylyl Glycol- PVM/MA Decadiene Crosspolymer- Synthetic Fluorphlogopite- Polyurethane-11- Polybutylene Terephthalate- Silica- Sodium Hydroxide- Disodium EDTA- Ethylene/VA Copolymer- Calcium Aluminum Borosilicate- Prunus Persica Fruit Extract / Peach Fruit Extract- Cucumis Sativus Fruit Extract / Cucumber Fruit Extract- Daucus Carota Sativa Root Extract / Carrot Root Extract- Tin Oxide- Polyurethane-33. May Contain (+/-):Iron Oxides (Ci 77491- Ci 77499)- Titanium Dioxide (Ci 77891)- Mica- Red 40 (Ci 16035)- Yellow 5 Lake (Ci 19140)- Ferric Ferrocyanide (Ci 77510)- Ferric Ammonium Ferrocyanide (Ci 77510)- Aluminum Powder (Ci 77000)- Yellow 5 (Ci 19140)- Black 2 (Ci 77266)- Blue 1 Lake (Ci 42090)- Manganese Violet (Ci 77742)- Carmine (Ci 75470)- Red 40 Lake (Ci 16035).,What it is: A buildable- water-based liner with multidimensional- superfine glitter in a clear base.Ingredient Callouts: Free of parabens. This product is also cruelty-free.What Else You Need to Know: Heavy Metal Glitter Eyeliner contains superfine glitter in a clear base that dries down quickly and stays put. The thin-tipped brush gives you precision and control. Wear it alone- apply it over eyeshadow- or layer shades for a more intense effect. In celebration of World Pride and honoring the 50 year anniversary of the Stonewall Riots- Urban Decay Cosmetics will donate 25% of the purchase price- with a minimum donation of $100-000- from sales of the Heavy Metal Glitter Liner Stonewall Shade to the Stonewall Foundation – an organization that strengthens the LGBTQ movement through grant making and scholarship programs- during 5/21/19-8/31/19. No portion of the purchase price is tax deductible.To learn more about the Stonewall Community Foundation please visit stonewallfoundation.org.,https://www.sephora.com/productimages/sku/s2234680-main-zoom.jpg?imwidth=930,0375706771
45,Urban Decay,Makeup,Perversion Mascara Mini,Aqua / Water- Synthetic Beeswax- Cera Alba / Beeswax- Acacia Senegal Gum- Stearic Acid- Palmitic Acid- Glyceryl Stearate- VP/Eicosene Copolymer- Copernicia Cerifera Cera / Carnauba Wax- Polybutene- Butylene Glycol- Stearyl Stearate- Aminomethyl Propanol- Pentylene Glycol- Phenoxyethanol- Caprylyl Glycol- Sodium Dehydroacetate- Paraffin- Potassium Sorbate- Hydroxyethylcellulose- Soluble Collagen- Behenic Acid- Glycerin- Propylene Glycol- Mel Extract / Honey Extract- Sodium PCA- Hydrolyzed Elastin- Sorbic Acid- Glycogen- Serine. [+/- (May contain/Peut contenir): CI 77499 / Iron Oxides]. ,"What it is:
An ultracreamy- lengthening- and volumizing mascara for stand-out lashes.
What it does:
Perversion glides on easily to instantly create sexy lashes. It has a creamy- full-bodied texture that is not too dry and not too wet to allow just the right amount of pull as it glides through lashes. This formula is not sticky or clumpy- and it contains Hairdensyl- a complex blend of proteins and amino acids that are known to stimulate lash growth. The honey extract provides deep nourishment- sea idrolized elastine stimulates the hair follicle- and marine collagen protects. The high-tech- volumizing brush separates and defines each lash for a clean- clump-free finish- and the triple-black pigments leave them looking intensely black.
What it is formulated WITHOUT:- Parabens",https://www.sephora.com/productimages/sku/s1668870-main-zoom.jpg?imwidth=930,0440220602
46,Urban Decay,Eyeliner,Perversion Waterproof Liquid Eyeliner,unknown,What it is: A waterproof- liquid eyeliner for cat-eye perfection in just one stroke. Ingredient Callouts: Free of parabens. This product is also cruelty-free.What Else You Need to Know: This innovative brush tip lays down semi-matte- blacker-than-black pigment with precise application. The new- ultra-fine- flexible brush tip gives you full control over your shape and flick. Plus- the waterproof formula keeps on going until you say “when.”,https://www.sephora.com/productimages/sku/s2203206-main-zoom.jpg?imwidth=930,0440225701
47,Urban Decay,Makeup,Eyeshadow Primer Potion - Anti-Aging Mini,Isododecane- Talc- Cyclopentasiloxane- Trimethylsiloxysilicate- Triethylhexanoin- Oryza Sativa (Rice/Riz) Bran Oil- Trihydroxystearin- Disteardimonium Hectorite- Polyethylene- Sorbitan Sesquioleate- VP/Hexadecene Copolymer- C12-15 Alkyl Benzoate- Dimethicone- Alumina- Caprylic/Capric Triglyceride- Phenoxyethanol- PEG-40 Stearate- Synthetic Beeswax- Propylene Carbonate- Hexyl Laurate- Polyglyceryl-4 Isostearate- Tribehenin- PEG-10 Dimethicone- Stearic Acid- Ethylhexylglycerin- Ceramide 2- PEG-10 Rapeseed Sterol- Alaria Esculenta Extract- Palmitoyl Oligopeptide- Aqua (Water/Eau) May Contain: Mica- CI 77891 (Titanium Dioxide)- CI 77491/77492/77499 (Iron Oxides)- CI 77163 (Bismuth Oxychloride). ,What it is: A creamy eyeshadow primer with anti-aging benefits that ensures vibrant- crease-free color for up to 24 hours.Ingredient Callouts: Free of parabens. This product is also vegan and cruelty-free.What Else You Need to Know: A vegan beauty favorite- this eye primer preps lids for shadow and eyeliner- intensifying color for all-day wear. Optical blurring pigments create a soft-focus effect that minimizes redness and smooths texture- while anti-aging skincare ingredients help fight the look of wrinkles and improve skin tone.,https://www.sephora.com/productimages/sku/s1704451-main-zoom.jpg?imwidth=930,0060502258
48,Urban Decay,Eyeliner,24/7 Glide-On Eye Pencil - Born To Run Collection,Cyclopentasiloxane- Isododecane- Polybutene- Synthetic Wax- Simmondsia Chinensis Seed Oil/Jojoba Seed Oil- Hydrogenated Cottonseed Oil- Calcium Sodium Borosilicate- Ceresin- Ozokerite- Polyethylene Terephthalate- Microcrystalline Wax- Silica- Calcium Aluminum Borosilicate- Phenoxyethanol- Tocopherol- Ascorbyl Palmitate- Tin Oxide- Polyurethane-11- Alumina- Synthetic Fluorphlogopite. May Contain (+/-): Mica- Iron Oxides (Ci 77491- Ci 77492- Ci 77499)- Titanium Dioxide (Ci 77891)- Ultramarines (Ci 77007)- Carmine (Ci 75470)- Ferric Ferrocyanide (Ci 77510)- Copper Powder (Ci 77400)- Bronze Powder (Ci 77400)- Blue 1 Lake (Ci 42090)- Aluminum Powder (Ci 77000)- Yellow 5 Lake (Ci 19140)- Manganese Violet (Ci 77742)- Chromium Oxide Greens (Ci 77288)- Ferric Ammonium Ferrocyanide (Ci 77510).,What it is:A 24/7 Glide-On Eye Pencil in three new shades that pair perfectly with Born To Run Eyeshadow Palette’s neutral to smoky and bright to sultry eye looks.What it does: Keep the adventurous vibes going with three fun-loving shades of Urban Decay’s 24/7 Glide-On Eye Pencil. From a reddish-brown to a dark copper to a deep green metallic- these versatile shades will pair perfectly with any bold eye look you can dream up (each sold separately).UD’s Born To Run 24/7 Glide-On Eye Pencils are your globe-trotting go-to. These two new shades and one cult-favorite (Lucky) are the perfect complements to any Born To Run eye look. Made with UD’s award-winning- waterproof formula- these creamy pencils will stand up to dancing until daybreak in Prague or long drives through the Mojave Desert. The shades make a sunset-hued eye a cinch and offer enough playtime to smudge for an imperfect wing that sets and stays put.Like all 24/7 Glide-On Eye Pencils- these Born To Run shades feature shade-matched barrels (convenient when you’re trying to dig the right pencil out of the depths of an overnight bag).What it is formulated WITHOUT:- ParabensWhat else you need to know: Urban Decay is 100 percent cruelty-free.,https://www.sephora.com/productimages/sku/s2083459-main-zoom.jpg?imwidth=930,0446606812
49,Urban Decay,Face Primer,Quick Fix Hydracharged Complexion Prep Priming Spray,Water- Hamamelis Witch Hazel Water- Niacinamide- Propanediol- Coconut Water- Glycereth-5 Lactate- PEG-35 Castor Oil- Phenoxyethanol- Caffeine- Dimethicone PEG-7 Phosphate- Caprylic/Capric Triglyceride- Glycolic Acid- Bisabolol- Fragrance- Carnitine- Ethylhexylglycerin- Zinc Gluconate- Magnesium Aspartate- Radish Root- Ferment Filtrate- Benzyl Benzoate- Coumarin- Copper Gluconate- Benzyl Alcohol.,"What it is:
 A hydrating- soothing priming spray that visibly reduces the appearance of pores- brightens and smooths skin- and hydrates.

What it does:
 Reduce the look of a late night out with this priming spray. Once you cleanse your post-party complexion- balance and reinvigorate your skin with Urban Decay’s Quick Fix Hydra-Charged Complexion Prep Priming Spray. The soothing- prep-priming spray is light enough to use throughout the day—without messing up your makeup- and it also hydrates and softens skin. Use it in the morning to prep and reawaken your skin before applying makeup. Use it at night before your treatment- or anytime you need a quick boost. 


Created in an exclusive partnership with Skindinavia and inspired by the Korean water trend- this spray is even more hydrating than B6 Prep Spray. This energizing formula is versatile enough for every skin type- and it’s loaded with skin-nourishing ingredients like vitamin B3- Sepitonic™ M3- and coconut water. Treat your skin to intense moisture as you prep- prime- and balance your complexion.

What else you need to know:
 Quick Fix comes in a sleek- soft-touch neon green bottle with a frosted white cap. Like other Urban Decay sprays- the sprayer emits a calibrated- micro-fine mist that goes on so light- you’ll hardly feel it—and it and smells like a summer day on the beach.

Research results:
 In a clinical study on 30 people- immediately after use:
- 100% of participants had a reduction in pore visibility
- 100% had a visible improvement in skin radiance
- 83% had a visible improvement in skin hydration",https://www.sephora.com/productimages/sku/s1899962-main-zoom.jpg?imwidth=930,0345353145
50,Urban Decay,Eyebrow,Brow Beater Waterproof Brow Pencil & Spoolie,Hydrogenated Soybean Oil- Synthetic Japan Wax- Stearic Acid- Synthetic Fluorphlogopite- Hydrogenated Coco-Glycerides- Zinc Stearate- Polyglyceryl-2 Triisostearate- Myristyl Myristate- Polyhydroxystearic Acid- Tocopherol. [+/- (May Contain / Peut Contenir): Ci 77491- Ci 77492- Ci 77499 / Iron Oxides- Ci 77891 / Titanium Dioxide]. ,What it is: A waterproof- teardrop-shaped brow pencil that glides on smoothly to fill in and shape sparse brows.Ingredient Callouts: This product is vegan and cruelty-free.What Else You Need to Know: For soft- full brows- use the flat side of the pencil and blend with the spoolie brush. For more precision- use the fine-point teardrop tip to create hair-like strokes. This foolproof brow pencil makes it easy to master the perfect smudge-resistant- waterproof brow.,https://www.sephora.com/productimages/sku/s2313914-main-zoom.jpg?imwidth=930,044651652X
51,Urban Decay,Eyeliner,24/7 Glide-On Eye Pencil - Sparkle Out Loud Collection,Isododecane- Cyclopentasiloxane- Peg/Ppg-19/19 Dimethicone- Synthetic Wax- Hydrogenated Polydicyclopentadiene- Calcium Sodium Borosilicate- Nylon-12- C20-40 Alcohols- Perfluorononyl Dimethicone- Silica- Synthetic Fluorphlogopite- Calcium Aluminum Borosilicate- Polyglyceryl-4 Diisostearate/Polyhydroxystearate/Sebacate- Polyethylene Terephthalate- Polyethylene- Pentaerythrityl Tetra-Di-T-Butyl Hydroxyhydrocinnamate- Acrylates Copolymer- Tin Oxide- Tocopherol- Polyurethane-11. May Contain (+/-): Mica- Iron Oxides (Ci 77491- Ci 77492- Ci 77499)- Titanium Dioxide (Ci 77891)- Ultramarines (Ci 77007)- Ferric Ammonium Ferrocyanide (Ci 77510)- Copper Powder (Ci 77400)- Aluminum Powder (Ci 77000)- Bronze Powder (Ci 77400)- Carmine (Ci 75470)- Ferric Ferrocyanide (Ci 77510).,What it is: An award-winning- long-lasting- waterproof eyeliner pencil in a wide range of shades.Ingredient Callouts: Free of parabens. This product is also cruelty-free.What Else You Need to Know: 24/7 Glide-On Eye Pencil applies super-soft for blending- then dries to a long-lasting finish. Line eyes with a hint of color or opt for a dramatic- multi-hued look. The waterproof formula contains 50-percent moisturizing ingredients- making this a holy grail eyeliner that’s a dream to apply.,https://www.sephora.com/productimages/sku/s2235745-main-zoom.jpg?imwidth=930,0140293248
52,Urban Decay,Concealer,Stay Naked Correcting Concealer Mini,Water- Cyclopentasiloxane- Butylene Glycol- Silica- Cyclohexasiloxane- Glycerin- Isononyl Isononanoate- Peg/Ppg-18/18 Dimethicone- Dimethicone- Camellia Sinensis Leaf Extract- Sodium Chloride- Cetyl Peg/Ppg-10/1 Dimethicone- Disteardimonium Hectorite- Isopropyl Titanium Triisostearate- Phenoxyethanol- Trimethylsiloxysilicate- Caprylyl Glycol- Propylene Carbonate- Tocopheryl Acetate- Triethoxycaprylylsilane- Tetrahexyldecyl Ascorbate- Alumina- Carbomer- Sodium Lactate- Litchi Chinensis Pericarp Extract- Polysorbate 20- Biosaccharide Gum-1- Sodium Hyaluronate- Disodium Edta- Sodium Benzoate- Tocopherol- Palmitoyl Tripeptide-1- Palmitoyl Tetrapeptide-7- Pentaerythrityl Tetra-Di-T-Butyl Hydroxyhydrocinnamate. May Contain (+/-):Titanium Dioxide (Ci 77891)- Iron Oxides (Ci 77491- Ci 77492- Ci 77499)- Bismuth Oxychloride (Ci 77163).,What it is:  An ultra-pigmented- lightweight concealer that covers hyperpigmentation and imperfections with a real-skin- matte finish- and lasts up to 24 hours.Coverage: FullFinish: MatteFormulation: Liquid Skin Type: Normal- Dry- Combination- and Oily Ingredient Callouts: This product is vegan and cruelty-free.What Else You Need to Know: With 25 vegan shades- this concealer features nine shade intensities- three master-tones- five undertones- and enough coverage to last all day. Use this flexible- second-skin concealer for just about anything- from covering an imperfection to highlighting a cheekbone. The patented- wave-tip applicator makes it easy to get the right level of coverage. Use the flat side for precise- light application or lean into the curve for a heavier dose of product.,https://www.sephora.com/productimages/sku/s2311264-main-zoom.jpg?imwidth=930,0345443284
53,Urban Decay,Mirrors & Sharpeners,Grind House,unknown,"What it is: The ultimate accouterment to your 24/7 pencil collection- this premium-quality dual sharpener will keep all your UD pencils sharp.What it does: The Urban Decay sharpener you know and love has a new look—including a tight-fitting lid for less mess. Designed for use with the entire 24/7 lineup- this multitasker includes two sharpeners: a slim one for 24/7 Glide-On Eye and Lip Pencils and a large one for 24/7 Concealer Pencils. Each blade is made of durable steel infused with one percent carbon to prevent rust.What else you need to know: This sharpener includes a plastic pick for scraping and dislodging shavings to keep the blades free of gunk. This sharpener also works with most other brands' big and small pencils (if you must).
",https://www.sephora.com/productimages/sku/s1470988-main-zoom.jpg?imwidth=930,0440206154
54,Urban Decay,Eyeliner,24/7 Glide-On Eye Pencil - Naked Cherry Collection,Cyclopentasiloxane- Isododecane- Polybutene- Synthetic Wax- Simmondsia Chinensis Seed Oil/Jojoba Seed Oil- Hydrogenated Cottonseed Oil- Calcium Sodium Borosilicate- Ceresin- Ozokerite- Polyethylene Terephthalate- Cera Microcristallina/Microcrystalline Wax- Silica- Calcium Aluminum Borosilicate- Phenoxyethanol- Tocopherol- Ascorbyl Palmitate- Tin Oxide- Polyurethane-11- Alumina- Synthetic Fluorphlogopite. May Contain (+/-): Mica- Iron Oxides (Ci 77491- Ci 77492- Ci 77499)- Titanium Dioxide (Ci 77891)- Ultramarines (Ci 77007)- Carmine (Ci 75470)- Ferric Ferrocyanide (Ci 77510)- Copper Powder (Ci 77400)- Bronze Powder (Ci 77400)- Blue 1 Lake (Ci 42090)- Aluminum Powder (Ci 77000)- Yellow 5 Lake (Ci 19140)- Manganese Violet (Ci 77742)- Chromium Oxide Greens (Ci 77288)- Ferric Ammonium Ferrocyanide (Ci 77510).,What it is: An award-winning eye pencil in two new shades that pair perfectly with your Naked Cherry eye looks. What it does: Intensify your Cherry eye look with two all-new eyeliner shades in Urban Decay’s award-winning- waterproof formula. Love Drug is a deep- metallic wine shade- and Black Market is a rich- black with a satin finish (each shade sold separately). Both look amazing as winged liner or on your tightline.What it is formulated WITHOUT:- Parabens- Sulfates- PhthalatesWhat else you need to know: This formula is cruelty-free.,https://www.sephora.com/productimages/sku/s2131670-main-zoom.jpg?imwidth=930,0440213525
55,Urban Decay,Lip Liner,Ultimate Ozone Multipurpose Primer Pencil," -Jojoba Oil: Nourishes the skin and ensures a smooth application.

Isododecane- Paraffin- Polybutene- Cyclopentasiloxane- Cyclohexasiloxane- Hydrogenated Castor Oil- Simmondsia Chinensis (Jojoba) Seed Oil- Ozokerite- Ceresin- Hydroxystearic Acid- Stearic Acid- Tocopherol- Carthamus Tinctorius (Safflower/Carthame) Seed Oil- Caprylic/Capric Triglyceride- Palmitic Acid- Ascorbyl Palmitate- Chamomilla Recutita (Matricaria) Flower Extract- Aloe Barbadensis Leaf Extract.","What it is:A clear- creamy- and long-lasting primer pencil with a thick barrel.
What it does:This all-in-one Primer Pencil features a thick-barreled design. It works to hide blemishes- prevent lip color feathering- correct mistakes- and even fill in fine lines in just one swipe. Inspired by the bestselling slim-barreled Ozone 24/7 Glide-On Lip Pencil- Ultimate Ozone is an indispensable primer in pencil form. Its thick shape makes it easy to apply- and this creamy- long-lasting formula glides on clear to prevent your most embarrassing beauty nightmares. Enriched with jojoba oil- it nourishes the skin- ensuring a smooth application- and the moisturizing formula never feels dry or cakey.
What it is formulated WITHOUT:- Parabens",https://www.sephora.com/productimages/sku/s1704550-main-zoom.jpg?imwidth=930,006101351X
56,Urban Decay,Makeup,Quick Fix Hydracharged Complexion Prep Priming Spray Mini,Water- Hamamelis Witch Hazel Water- Niacinamide- Propanediol- Coconut Water- Glycereth-5 Lactate- PEG-35 Castor Oil- Phenoxyethanol- Caffeine- Dimethicone PEG-7 Phosphate- Caprylic/Capric Triglyceride- Glycolic Acid- Bisabolol- Fragrance- Carnitine- Ethylhexylglycerin- Zinc Gluconate- Magnesium Aspartate- Radish Root- Ferment Filtrate- Benzyl Benzoate- Coumarin- Copper Gluconate- Benzyl Alcohol.,"What it is:
 A hydrating- soothing priming spray that visibly reduces the appearance of pores- brightens and smooths skin- and hydrates.

What it does:
 Reduce the look of a late night out with this priming spray. Once you cleanse your post-party complexion- balance and reinvigorate your skin with Urban Decay’s Quick Fix Hydra-Charged Complexion Prep Priming Spray. The soothing- prep-priming spray is light enough to use throughout the day—without messing up your makeup- and it also hydrates and softens skin. Use it in the morning to prep and reawaken your skin before applying makeup. Use it at night before your treatment- or anytime you need a quick boost. 


Created in an exclusive partnership with Skindinavia and inspired by the Korean water trend- this spray is even more hydrating than B6 Prep Spray. This energizing formula is versatile enough for every skin type- and it’s loaded with skin-nourishing ingredients like vitamin B3- Sepitonic™ M3- and coconut water. Treat your skin to intense moisture as you prep- prime- and balance your complexion.

What else you need to know:
 Quick Fix comes in a sleek- soft-touch neon green bottle with a frosted white cap. Like other Urban Decay sprays- the sprayer emits a calibrated- micro-fine mist that goes on so light- you’ll hardly feel it—and it and smells like a summer day on the beach.

Research results:
 In a clinical study on 30 people- immediately after use:
- 100% of participants had a reduction in pore visibility
- 100% had a visible improvement in skin radiance
- 83% had a visible improvement in skin hydration",https://www.ace.co.uk/images/imgzoom/77/77167401_xxl_a1.jpg,0316284955
